query,primary_model,compare_model,top_titles,prompt,primary_answer,compare_answer
best racing game with fun tracks,llama-3.1-8b-instant,llama-3.3-70b-versatile,LittleBigPlanet Karting - Playstation 3 | Classic British Motor Racing - Nintendo Wii | LittleBigPlanet Karting - Playstation 3 | Gravel - PlayStation 4 | LittleBigPlanet Karting - Playstation 3,"
You are a careful product recommendation assistant.
Use only the retrieved Amazon review context below.
If the context is insufficient, say so clearly.
Keep the answer concise, helpful, and grounded in the retrieved evidence.


Context:
ASIN: B0050SX00Y
Title: LittleBigPlanet Karting - Playstation 3
Rating: 5.0
Review title: Fun game for everyone
Review text: Play solo, multiplayer or online. It's a fun game for kids and adults of all ages. If you are a fan of the little big planet games, then you will love this new addition. You can customize your carts, sack guy and pod too.


ASIN: B00125OMYM
Title: Classic British Motor Racing - Nintendo Wii
Rating: 1.0
Review title: Worst racing game in the history of electronic and video gaming
Review text: I have playing numerous racing games over the course of my life (from Pole Position as a little kid) to many current racing games of this era.  This has to be one of the worst racing games in history.<br /><br />There are only two viewing modes (from the street) and behing the car as you drive.  The controls are awkward.  The music is monotonous and cannot be changed.  The physics is not realistic at all.  The graphics are decent but not stellar.<br /><br />This is a game to avoid.  Not even worth a rental.


ASIN: B0050SX00Y
Title: LittleBigPlanet Karting - Playstation 3
Rating: 5.0
Review title: Fun!
Review text: My two boys (6 and 9) are really enjoying this game. Some of it is easy for my 6 year old, and some parts are hard for my 9 year old. Good variety of different difficulties. :)


ASIN: B06XHS6534
Title: Gravel - PlayStation 4
Rating: 5.0
Review title: Awesome game
Review text: I beat it in a day! Its really Great. Too bad no one is online so I cannot Platinum. Online achievements are not great. But its really fun VERY Arcade


ASIN: B0050SX00Y
Title: LittleBigPlanet Karting - Playstation 3
Rating: 5.0
Review title: A present for my adult daughter on her birthday
Review text: We are all kids at heart, LOL and my daughter indicated to me that she was waiting for this to come out on the market. It came out just in time to purchase for her Birthday. She just loved it! Great price and super fast shipping.


Question:
best racing game with fun tracks

Answer using only the context above:
","Based on the retrieved Amazon review context, I would recommend ""LittleBigPlanet Karting - Playstation 3"" (ASIN: B0050SX00Y) for a fun racing game with enjoyable tracks. The reviews mention that it's a fun game for kids and adults, with customizable carts and a good variety of difficulties.","Based on the reviews, I recommend ""LittleBigPlanet Karting - Playstation 3"" (ASIN: B0050SX00Y) as a fun racing game. Reviewers mention it's a ""fun game for everyone"" with a ""good variety of different difficulties"" and that you can ""customize your carts, sack guy and pod too."" However, the context does not specifically mention the tracks, so I'm limited in my assessment of the track quality."
story-rich scary game with dark atmosphere,llama-3.1-8b-instant,llama-3.3-70b-versatile,Among the Sleep - PlayStation 4 | The Dark Pictures: House of Ashes - PlayStation 5 | Among the Sleep - PlayStation 4 | The Dark Pictures: House of Ashes - PlayStation 5 | Among the Sleep - PlayStation 4,"
You are a careful product recommendation assistant.
Use only the retrieved Amazon review context below.
If the context is insufficient, say so clearly.
Keep the answer concise, helpful, and grounded in the retrieved evidence.


Context:
ASIN: B01IPARS7Y
Title: Among the Sleep - PlayStation 4
Rating: 5.0
Review title: Good game!
Review text: This game was pretty short, but I loved it. Interesting to see it in a child's perspective, very scary and sad.


ASIN: B08N3FB9H1
Title: The Dark Pictures: House of Ashes - PlayStation 5
Rating: 5.0
Review title: Excellent game
Review text: Love this game. If you like interactive movie games this one is for you. Great graphics great story great gameplay. Well worth the low price


ASIN: B01IPARS7Y
Title: Among the Sleep - PlayStation 4
Rating: 3.0
Review title: Three Stars
Review text: strange short game trick ending


ASIN: B08N3FB9H1
Title: The Dark Pictures: House of Ashes - PlayStation 5
Rating: 5.0
Review title: It was alright
Review text: Good enough had some glitches here and there but yeah it’s a wild ride


ASIN: B01IPARS7Y
Title: Among the Sleep - PlayStation 4
Rating: 5.0
Review title: Inserting Game!
Review text: Inserting to say the least. Its a good grab for an Indy and to have in my collection.


Question:
story-rich scary game with dark atmosphere

Answer using only the context above:
","Based on the retrieved Amazon review context, I recommend ""The Dark Pictures: House of Ashes - PlayStation 5"" (ASIN: B08N3FB9H1). 

The reviews suggest that it has:

- Great graphics
- Great story
- Great gameplay
- A wild ride with a dark atmosphere

This game seems to fit your request for a story-rich scary game with a dark atmosphere.","Based on the reviews, I recommend ""Among the Sleep - PlayStation 4"" (ASIN: B01IPARS7Y) for a story-rich scary game with a dark atmosphere. One reviewer described it as ""very scary and sad"" and another found it ""Inserting to say the least"", suggesting a strong emotional impact. Alternatively, ""The Dark Pictures: House of Ashes - PlayStation 5"" (ASIN: B08N3FB9H1) is also praised for its ""great story"" and ""wild ride"", but the reviews don't explicitly mention a dark atmosphere."
good football game with realistic teams,llama-3.1-8b-instant,llama-3.3-70b-versatile,Backyard Football 2009 - PlayStation 2 | ESPN NFL 2K5 - PlayStation 2 (Limited) | Backyard Football 2009 - PlayStation 2 | ESPN NFL 2K5 - PlayStation 2 (Limited) | Backyard Football 2009 - PlayStation 2,"
You are a careful product recommendation assistant.
Use only the retrieved Amazon review context below.
If the context is insufficient, say so clearly.
Keep the answer concise, helpful, and grounded in the retrieved evidence.


Context:
ASIN: B001G7PRUE
Title: Backyard Football 2009 - PlayStation 2
Rating: 5.0
Review title: backyard football
Review text: Great and fun game for all ages.  The boys, age 4 to 13 really enjoy the game, alone or with their brothers.


ASIN: B001EYUROK
Title: ESPN NFL 2K5 - PlayStation 2 (Limited)
Rating: 5.0
Review title: Believe the hype -- better than Madden, 3 years later
Review text: This is the best football game out there today, and it isn't even ""next-gen.""  Graphically it might be the best thing on PS2, second to God of War 2.  The commentary, once you get accustomed to the change, is INFINITELY better than Madden (ol' Papa Madden has been making me want to shoot myself in the face since 1999), the ESPN interaction is great, and it is overall a very, very strong football game.<br /><br />Guys, this game is available for about a buck used, plus shipping.  No joke, it will probably still be the best when Madden 08 makes its debut.  Give this a try; you will not regret it!


ASIN: B001G7PRUE
Title: Backyard Football 2009 - PlayStation 2
Rating: 5.0
Review title: Five Stars
Review text: It okay not much use for playing  but we use wii mostly of time ....


ASIN: B001EYUROK
Title: ESPN NFL 2K5 - PlayStation 2 (Limited)
Rating: 4.0
Review title: Fun Game with problems
Review text: First of all, I cannot stress what a wonderful thing to see, an AFFORDABLE video game.  This is an absolutely fun game to play against friends.  I have played it both on the PS2 and the XBOX and the XBOX version you get moving highlights of the game you are playing, on the PS2 version, Sportscenter does NOT show moving highlights, only pictures.  It does show, on both systems, highlights of other games while you are playing a season.  This is very nice.  The end of game interview is kind of cool although it's limited to what they are going to say.  I do like the VIP/Crib mode.  You get occasional calls from celebraties and you either get beat or beat them and depends on the level you are playing at, some of the celebraties can be quite crafty.  The graffics are not as good as Madden, but the movements are.  You also get shots of the fan and one of the cool thing is that if you are playing an away game and are smoking the other team, some of the fans start to leave early.  You do have to go through three layers in order to choose a play, which I don't like, but the cool thing is that you have a favorites page and you can add your favorite plays and it adds a somewhat short step.  But overall, it's extremely entertaining, better than anything 989 sports can come up with, but haven't quite step up to the level of Madden and they KNOW this.  That is why this game is affordable at it's initial $19.99 price.  It is worth the price.  I haven't played it on-line yet, I am still discovering all the in's and out's of the game.  Enjoy it.


ASIN: B001G7PRUE
Title: Backyard Football 2009 - PlayStation 2
Rating: 5.0
Review title: Shipping costs and product quality
Review text: Just what I was looking for.  Games works well and arrived quickly.


Question:
good football game with realistic teams

Answer using only the context above:
","Based on the retrieved Amazon review context, I couldn't find any information about a football game with realistic teams. The reviews mention ESPN NFL 2K5 and Backyard Football 2009, but they don't specifically mention realistic teams.","Based on the reviews, ESPN NFL 2K5 seems to be a good football game, but its teams are not explicitly mentioned as realistic. However, one review mentions that the game is ""overall a very, very strong football game"" and another review compares it to Madden, suggesting it may have realistic teams. Backyard Football 2009 is not mentioned as having realistic teams, it's more focused on being fun for all ages."
family-friendly game for casual players,llama-3.1-8b-instant,llama-3.3-70b-versatile,"Hey, That's My Fish | Family Game Pack 2001 | Hey, That's My Fish | Family Feud [Download] | Hey, That's My Fish","
You are a careful product recommendation assistant.
Use only the retrieved Amazon review context below.
If the context is insufficient, say so clearly.
Keep the answer concise, helpful, and grounded in the retrieved evidence.


Context:
ASIN: 1616611715
Title: Hey, That's My Fish
Rating: 5.0
Review title: Five Stars
Review text: Fun game for the whole family.


ASIN: B00004R9IJ
Title: Family Game Pack 2001
Rating: 5.0
Review title: very fun for adults
Review text: this game has so many great games im 32 and can play this for hours at a time ... no flashy scenes or bright colors but if you want to play great games this is it !!


ASIN: 1616611715
Title: Hey, That's My Fish
Rating: 5.0
Review title: Great for kids AND adults
Review text: My son, grandson (age10), and I had  a lot of fun playing together. Easy to learn but it remained challenging.  A good multigenerational game.


ASIN: B001KC016U
Title: Family Feud [Download]
Rating: 5.0
Review title: Solo much fun
Review text: Used a a work holiday party.  It was easy to use and sooooo much fun.


ASIN: 1616611715
Title: Hey, That's My Fish
Rating: 4.0
Review title: My niece and nephew loved this
Review text: My family isn't much into games with the exception of rummy and other card games.  This means that I usually struggle to get any member of my family to try any of the games I bring with me when we are going to get together.<br /><br />However, when I described this one my sister was willing to allow her children (8 and 6) to try it.  There was a bit of a problem getting my 6 year old niece to understand how things go, and neither of the children did a good job of looking and planning ahead, but both loved the game and immediately wanted to play again.<br /><br />The game itself is so simple its almost scary.  Setup takes only a few minutes and game play is straightforward, with no dice or cards involved.  I managed to teach a 6 year old how to play and while the strategy might confuse her, she still had a wonderful time.<br /><br />This is a great gateway game or one for a quiet afternoon when no one wants to have to think while playing a game.  I definitely recommend this one.


Question:
family-friendly game for casual players

Answer using only the context above:
","Based on the retrieved Amazon review context, I recommend the following family-friendly games for casual players:

1. Hey, That's My Fish (ASIN: 1616611715) - suitable for kids and adults, easy to learn, and great for multigenerational play.
2. Family Game Pack 2001 (ASIN: B00004R9IJ) - has many great games that are enjoyable for adults and can be played for hours.
3. Family Feud [Download] (ASIN: B001KC016U) - easy to use and fun for solo players, suitable for casual players.

These games are all highly rated (5.0 or 4.0) and have been praised for their simplicity and enjoyment for casual players.","Based on the reviews, I recommend ""Hey, That's My Fish"" (ASIN: 1616611715) as a family-friendly game for casual players. It's described as ""Fun game for the whole family"", ""Great for kids AND adults"", and a ""great gateway game"" that's easy to learn and play."
game with strong story and puzzle elements,llama-3.1-8b-instant,llama-3.3-70b-versatile,The Book of Unwritten Tales | Half-Life - PlayStation 2 | The Book of Unwritten Tales | Half-Life - PlayStation 2 | Half-Life - PlayStation 2,"
You are a careful product recommendation assistant.
Use only the retrieved Amazon review context below.
If the context is insufficient, say so clearly.
Keep the answer concise, helpful, and grounded in the retrieved evidence.


Context:
ASIN: B005HH46QK
Title: The Book of Unwritten Tales
Rating: 5.0
Review title: Absolutely loved it!
Review text: One of the best games I've played in a long time.  The graphics are great, the plot is fun, and while it can be challenging, there's nothing you can't figure out with a little thought.  The only couple times I got stuck were because I didn't see a particular hot spot.  Would recommend to everyone.


ASIN: B00005ME8S
Title: Half-Life - PlayStation 2
Rating: 5.0
Review title: From a non-1st person shooter fan
Review text: Lets start this with ""I don't like first person shooters"" I have allways found them somewhere between silly and disturbing. I have tried many of them and none made it past an hour or so. With that said:  I could not stop playing this game. It had an actual story, albiet a weak one, but a story none the less.  The Graphics are good, the controls tight and the load times were not to bad.  The training mode is very good and you go into the game with all the skills needed, so you don't spend a half hour dying because you can't control the character.<br />One thing that it offers that stands it above the rest is the puzzle aspect. Frequently they are obvious, but there are times when you don't really realize you are working them out. That stands out. The game is emersive and flows well, so you don't really ""think"" about what your doing, you just do it.<br />If you are a hard core 1st person shooter type player, I don't know what to tell you, but if you are like me and either a casual gamer or have never really liked them, give this one a try.


ASIN: B005HH46QK
Title: The Book of Unwritten Tales
Rating: 5.0
Review title: This is a fun, goofy
Review text: This is a fun, goofy, journey puzzle.  Love the creature and the banter between them all.  Switching play people was a great idea.  I will get the next one for sure.


ASIN: B00005ME8S
Title: Half-Life - PlayStation 2
Rating: 3.0
Review title: Better on the PC
Review text: If you've played this game on the PC, I don't recommend playing it on the PS2.  Although it looks nice, the controls are so difficult.  This isn't a game that should have been brought out for the PS2.  The game itself is one of the best, only on a PC though.


ASIN: B00005ME8S
Title: Half-Life - PlayStation 2
Rating: 1.0
Review title: Do not support Valve or Sierra.
Review text: This game, first published for the PC, was programmed by Valve and published by Sierra.  The PC game has allowed players to cheat, see through walls, autoaim, and do other things they should never be able to do while playing multiplayer.  Neither of these companies will take responsibility and it has been years since these cheats were discovered.  While this doesn't apply to the PS2 game because its not multiplayer, just know that if you buy this game you're supporting a couple of irresponsible companies.  My two cents.


Question:
game with strong story and puzzle elements

Answer using only the context above:
","Based on the retrieved Amazon review context, I recommend ""The Book of Unwritten Tales"" (ASIN: B005HH46QK) for a game with strong story and puzzle elements. The reviews highlight its engaging story, fun and goofy gameplay, and challenging yet solvable puzzles.","Based on the reviews, I would recommend ""The Book of Unwritten Tales"" (ASIN: B005HH46QK) for its strong story and puzzle elements. Reviewers praised its fun plot, challenging yet solvable puzzles, and great graphics. Alternatively, ""Half-Life - PlayStation 2"" (ASIN: B00005ME8S) also has a story and puzzle aspects, but reviews are mixed, with some praising its puzzle elements and others criticizing its controls on the PS2."
